name,email,profession,birthday,sentence
Ms. Cindy Streich,Octavia78@gmail.com,Corporate Program Specialist,Fri Sep 18 1964 23:47:32 GMT+0900 (Korean Standard Time),Distinctio pariatur nesciunt laudantium reiciendis aliquid nihil qui et.
Johnathan Bruen,Curtis.Cartwright@yahoo.com,Senior Web Coordinator,Mon Mar 22 1965 23:03:41 GMT+0900 (Korean Standard Time),Dolore dolores quia non eligendi maiores velit esse unde.
Tomas Considine,Annie13@yahoo.com,Global Web Assistant,Tue Sep 29 1964 12:39:24 GMT+0900 (Korean Standard Time),Tempora illum laborum molestias nisi quidem neque vero suscipit.
Robin Barrows,Lyda71@yahoo.com,Central Solutions Facilitator,Wed Mar 15 1967 17:52:44 GMT+0900 (Korean Standard Time),Perferendis repellendus eligendi animi deleniti.
Regina West,Magdalena37@yahoo.com,Customer Communications Agent,Fri Feb 15 1974 08:01:53 GMT+0900 (Korean Standard Time),Tenetur recusandae minima maiores explicabo culpa.
Chelsea Daniel,Chelsey6@gmail.com,Human Brand Associate,Tue Sep 09 1969 13:48:28 GMT+0900 (Korean Standard Time),Labore iusto consequuntur.
Courtney Brekke,Marie20@hotmail.com,Customer Marketing Specialist,Tue Nov 29 1994 20:37:29 GMT+0900 (Korean Standard Time),Doloremque nam iste aliquam nulla dignissimos voluptas reiciendis reprehenderit magni.
Christina Grady,Georgianna_Dooley6@yahoo.com,Corporate Data Associate,Thu Feb 17 1949 02:02:50 GMT+0900 (Korean Standard Time),Excepturi ipsa quos maxime sint ea officia tempore neque iste.
Debra Hansen Jr.,Kathleen50@gmail.com,Customer Group Orchestrator,Sun Sep 09 1962 02:44:27 GMT+0900 (Korean Standard Time),Corrupti cupiditate sapiente qui ipsa numquam vitae.
Katie Funk,Bonnie_Bergstrom44@hotmail.com,District Data Coordinator,Mon Aug 26 1996 19:15:48 GMT+0900 (Korean Standard Time),Illum eius eius.
Misty Rogahn,Reyes_Kutch24@hotmail.com,Chief Marketing Coordinator,Sun Mar 25 2001 22:29:40 GMT+0900 (Korean Standard Time),Natus minus voluptatem perferendis fugit.
Audrey Lakin,Camilla_Roberts60@yahoo.com,Global Marketing Manager,Sun May 21 1950 21:20:36 GMT+1000 (Korean Standard Time),Veritatis placeat optio blanditiis perferendis ratione.
Amber Bailey,Adelle_Nader@gmail.com,Internal Security Strategist,Mon Apr 19 1948 17:40:41 GMT+0900 (Korean Standard Time),Nam expedita similique.
Darrel Goldner,Wiley_Kuhic@yahoo.com,Internal Configuration Technician,Wed Jan 24 1968 03:24:38 GMT+0900 (Korean Standard Time),Error ea ipsum maiores iure nisi dolores.
Dr. Todd Pfeffer,Zoie.Halvorson94@yahoo.com,District Accountability Administrator,Fri Apr 07 1961 18:42:50 GMT+0830 (Korean Standard Time),Provident dolorem atque iure corrupti impedit esse voluptatibus.
Caleb Hahn,Alyson.Huels70@yahoo.com,Human Infrastructure Liaison,Thu Jul 01 1965 11:56:44 GMT+0900 (Korean Standard Time),Hic ipsa dolore quae cupiditate quam odio.
Henrietta Harvey,Kasey.Maggio51@gmail.com,Central Data Coordinator,Tue Mar 15 2005 04:58:38 GMT+0900 (Korean Standard Time),Eveniet dolorem perferendis.
Celia Marks III,Oliver.Auer-Price74@hotmail.com,Future Integration Executive,Sat Nov 18 1972 12:23:46 GMT+0900 (Korean Standard Time),Perferendis voluptate fugiat ipsa molestiae officiis pariatur inventore dolor.
Beverly Oberbrunner,Beth.Grady@hotmail.com,National Research Coordinator,Mon Feb 05 1968 04:02:09 GMT+0900 (Korean Standard Time),Doloribus aspernatur minima est.
Alan Stamm,Adrien.MacGyver@yahoo.com,Principal Integration Designer,Fri Nov 29 1968 18:34:33 GMT+0900 (Korean Standard Time),Provident veritatis rerum ex necessitatibus voluptas.
Kristina Lubowitz,German79@gmail.com,Dynamic Creative Supervisor,Thu Sep 17 1959 06:02:02 GMT+0930 (Korean Standard Time),At atque corporis minima.
Jeff Wintheiser,Asia_Beer@hotmail.com,Customer Web Agent,Thu Jan 18 1990 09:03:36 GMT+0900 (Korean Standard Time),Fuga distinctio maxime cum temporibus doloribus eos aperiam quidem necessitatibus.
Victor Dickinson,Jacey.Goodwin84@hotmail.com,Dynamic Operations Director,Sun Mar 21 1993 10:44:32 GMT+0900 (Korean Standard Time),Sed accusamus totam reprehenderit amet ab cumque tempore suscipit sunt.
Justin Tromp,Godfrey.Hegmann@yahoo.com,Global Intranet Liaison,Fri Apr 30 1943 06:58:24 GMT+0900 (Korean Standard Time),Quod autem itaque asperiores.
Jacquelyn McClure,Andy.Conroy80@gmail.com,International Division Specialist,Sat Mar 15 1958 15:35:54 GMT+0830 (Korean Standard Time),Quod eum minima voluptatum doloremque consectetur pariatur praesentium.
Kristi Hyatt,Idella88@hotmail.com,Investor Communications Manager,Wed Feb 03 1954 00:46:02 GMT+0900 (Korean Standard Time),Dolorum quidem facere.
Juana Casper,Dexter44@hotmail.com,National Identity Officer,Tue Apr 25 2000 04:02:52 GMT+0900 (Korean Standard Time),Atque quo laudantium nulla sapiente pariatur provident rerum.
Marian Upton,Jerel63@gmail.com,National Data Producer,Sat Dec 19 1987 07:55:06 GMT+0900 (Korean Standard Time),Quia architecto dolorem itaque temporibus impedit veniam temporibus.
Laurence Spinka IV,Myrl.Bartoletti40@hotmail.com,Product Marketing Technician,Sat Aug 25 1990 01:52:09 GMT+0900 (Korean Standard Time),Hic quidem consequuntur minima velit laborum mollitia.
Vera Steuber,Yessenia_Crist@hotmail.com,Investor Markets Consultant,Sun Dec 03 1972 01:43:15 GMT+0900 (Korean Standard Time),Eius explicabo magni quasi modi repellendus odit facilis error.
Tanya Zieme,Mattie.Wiegand71@yahoo.com,Dynamic Research Associate,Sun Jul 16 1961 14:08:57 GMT+0830 (Korean Standard Time),Ipsam error accusamus facere ut hic.
Sean Jones,Erik7@hotmail.com,Customer Applications Facilitator,Fri May 29 1981 06:58:21 GMT+0900 (Korean Standard Time),Sapiente cumque mollitia veniam suscipit.
Pearl Heller,Buddy31@gmail.com,Direct Usability Strategist,Mon Aug 28 1995 15:57:00 GMT+0900 (Korean Standard Time),Eveniet porro hic tempora sit earum asperiores.
Jeannie Kling,Mohammad.Borer@yahoo.com,Lead Factors Facilitator,Wed Jun 18 1997 20:26:56 GMT+0900 (Korean Standard Time),Sunt illum minus ratione neque nihil.
Leonard Gottlieb-Cruickshank,Faye.Dooley-Graham@yahoo.com,National Accounts Agent,Sat May 05 1984 22:55:50 GMT+0900 (Korean Standard Time),Ab at eaque dolores dolores soluta beatae dolore eos.
Jonathon Steuber,Kelsi.Greenfelder@gmail.com,Customer Accounts Producer,Sun Oct 02 1988 08:40:32 GMT+1000 (Korean Daylight Time),Nobis dolor quibusdam totam odio repellat autem.
Miss Mae Hills III,Sean_Trantow@gmail.com,Legacy Communications Designer,Tue Dec 18 1956 16:45:06 GMT+0830 (Korean Standard Time),Quod veniam quas eos totam velit fugit doloribus modi.
Myron Daugherty,Diana.Kerluke@hotmail.com,Senior Infrastructure Specialist,Sat Oct 02 2004 03:58:19 GMT+0900 (Korean Standard Time),Voluptate asperiores quia.
Dr. Josefina Schumm,Cooper.Hessel@yahoo.com,District Mobility Manager,Fri Sep 12 1980 06:01:35 GMT+0900 (Korean Standard Time),At nihil non velit voluptas perspiciatis accusantium est.
Minnie Hermann,Mittie.Marks@gmail.com,Legacy Security Designer,Wed Oct 27 1976 20:33:16 GMT+0900 (Korean Standard Time),Accusamus officiis repellendus omnis.
Dwayne Harber,Deion.Borer@yahoo.com,National Web Associate,Wed Jul 07 1993 05:36:49 GMT+0900 (Korean Standard Time),Nam quia nulla architecto inventore voluptate aliquam ducimus dolor vel.
Casey Flatley,Audie.Weimann94@yahoo.com,Corporate Usability Agent,Fri Jul 06 1945 12:06:02 GMT+0900 (Korean Standard Time),Exercitationem et quaerat sint repellat repellendus quas aliquam debitis molestiae.
Jessie Stark,Brianne.Feil-Hickle51@gmail.com,District Branding Assistant,Sat Jul 16 1988 05:12:34 GMT+1000 (Korean Daylight Time),Velit dignissimos quaerat suscipit cum.
Barry Goldner,Miles88@gmail.com,National Quality Agent,Sun Aug 14 1977 19:00:06 GMT+0900 (Korean Standard Time),Mollitia eius animi officiis asperiores illo impedit necessitatibus dolores voluptatum.
Patsy Ziemann,Rogers_Reinger35@yahoo.com,Lead Program Analyst,Tue Apr 26 1960 10:10:59 GMT+0830 (Korean Standard Time),Optio delectus nostrum ad facilis quidem explicabo dolorem.
Dominick Connelly,Rubye32@yahoo.com,Future Research Associate,Thu Oct 16 1997 15:04:09 GMT+0900 (Korean Standard Time),Quod minima laboriosam iure eius eum.
Mercedes Lakin,Rhoda.Tremblay@gmail.com,Legacy Markets Representative,Wed Feb 13 1980 06:05:38 GMT+0900 (Korean Standard Time),Nihil provident provident exercitationem porro.
Virgil Bauch,Mylene.Buckridge-Romaguera@hotmail.com,Future Functionality Executive,Wed Jun 10 1970 17:39:09 GMT+0900 (Korean Standard Time),Nulla ipsum corrupti non cupiditate fugit.
Doyle Buckridge,Stephanie86@hotmail.com,Principal Metrics Technician,Tue May 30 1995 04:47:10 GMT+0900 (Korean Standard Time),Suscipit blanditiis facilis consequatur enim fuga nam quas.
Jody Reichert,Erwin.Parker@gmail.com,International Security Director,Tue Jul 07 1953 06:07:34 GMT+0900 (Korean Standard Time),Ipsa dolor omnis dolorem corporis reprehenderit officia.
Kevin Kirlin,Aracely_Windler@hotmail.com,Senior Division Facilitator,Wed Mar 12 2003 21:03:07 GMT+0900 (Korean Standard Time),Cupiditate officiis quam rerum laudantium fugit atque numquam veritatis.
Joshua Marks-Schinner,Carolina31@gmail.com,Direct Configuration Assistant,Fri Nov 11 2005 16:22:35 GMT+0900 (Korean Standard Time),Voluptate aliquam reprehenderit esse blanditiis voluptates iure asperiores.
Mrs. Vivian Kertzmann,Cristobal39@hotmail.com,Chief Research Representative,Thu Jun 14 1984 22:21:19 GMT+0900 (Korean Standard Time),Vitae vitae maiores.
Adrienne Auer,Jaunita.Kozey50@gmail.com,Legacy Intranet Consultant,Fri Jul 30 1948 09:52:40 GMT+1000 (Korean Standard Time),Sit qui blanditiis voluptatibus in nesciunt animi ipsum facere perferendis.
Dr. Bradley Dickens,Lowell71@gmail.com,Investor Data Associate,Wed Jun 16 1948 09:04:49 GMT+1000 (Korean Standard Time),Optio cum consequatur beatae voluptatum quis consequatur asperiores ipsa.
Dixie Daniel,Joel.Waters@yahoo.com,Forward Implementation Producer,Sat Apr 05 1980 07:51:44 GMT+0900 (Korean Standard Time),Laboriosam nostrum accusantium quis laborum voluptas vitae necessitatibus sed.
Cory Kohler,Virgil.Strosin27@gmail.com,Legacy Configuration Producer,Sat Sep 17 1988 17:28:58 GMT+1000 (Korean Daylight Time),Libero quo veniam fugit porro modi.
Kristine Robel,Jaron_Robel@hotmail.com,Investor Marketing Developer,Fri Jul 28 1972 11:41:15 GMT+0900 (Korean Standard Time),Illum id ipsa corrupti praesentium.
Lorraine Schmitt,Noemi_Aufderhar@yahoo.com,Customer Marketing Administrator,Thu Oct 03 1991 12:08:29 GMT+0900 (Korean Standard Time),Accusantium inventore quod perferendis.
Alejandro Nitzsche-Klein Sr.,Maximilian.Wunsch@hotmail.com,International Applications Representative,Sun Jan 28 1968 02:50:45 GMT+0900 (Korean Standard Time),Natus quis voluptatem tempora labore sapiente.
Carroll Leffler,Elvera_Rowe@hotmail.com,Global Research Liaison,Mon May 27 1991 02:39:55 GMT+0900 (Korean Standard Time),Voluptas doloribus atque ducimus voluptatibus.
Ignacio Stokes,Diego42@gmail.com,Dynamic Creative Analyst,Mon Jan 11 1982 11:39:16 GMT+0900 (Korean Standard Time),Nemo veritatis culpa dignissimos voluptate et.
Gertrude Frami,Mercedes.Wisoky@yahoo.com,Customer Program Facilitator,Mon Jul 10 1950 10:42:59 GMT+1000 (Korean Standard Time),Fugiat voluptas cumque eos praesentium eius soluta perspiciatis vel accusamus.
Jessica Oberbrunner,Kyleigh.Wunsch@yahoo.com,Forward Research Executive,Fri Dec 08 1972 14:55:29 GMT+0900 (Korean Standard Time),Quia eaque autem non.
Mr. Elias Hessel,Hailee_Maggio@gmail.com,Human Accountability Developer,Fri Nov 11 1955 02:35:42 GMT+0830 (Korean Standard Time),Error corrupti quo laudantium labore provident amet a atque.
Beth Fadel,Nayeli_Wolff55@yahoo.com,Central Integration Specialist,Mon Dec 25 1995 01:31:39 GMT+0900 (Korean Standard Time),Reprehenderit eligendi quas dignissimos sit unde totam.
Dr. Doreen Turner,Kaylin.Yundt@gmail.com,Future Tactics Facilitator,Sun Oct 31 1954 07:12:22 GMT+0830 (Korean Standard Time),Molestiae similique blanditiis.
Dr. Lisa Nienow,Johan_Boyer@hotmail.com,Chief Mobility Representative,Wed Nov 30 1994 20:58:12 GMT+0900 (Korean Standard Time),Maiores atque veniam rerum minus.
Miss Rita Russel,Joan.Schmidt@yahoo.com,Internal Research Assistant,Wed Jul 04 1956 18:12:26 GMT+0930 (Korean Standard Time),Facere nam suscipit ipsa illum aspernatur voluptates.
Nancy Schmeler,Vena.Lynch55@hotmail.com,Regional Applications Specialist,Mon Jun 09 1986 21:11:27 GMT+0900 (Korean Standard Time),Et dicta laboriosam.
Clara Smitham,Reece_Wilkinson53@hotmail.com,Internal Mobility Designer,Wed Apr 05 1950 22:18:46 GMT+1000 (Korean Standard Time),A qui vel.
Ernest Fay,Mckayla.Corwin@gmail.com,District Integration Analyst,Thu Jul 11 1963 20:42:17 GMT+0900 (Korean Standard Time),Asperiores quaerat ullam minima assumenda molestias ratione fugiat facilis possimus.
Mr. Wilson Nolan,Rosetta88@yahoo.com,Customer Identity Architect,Sat Apr 05 1975 13:25:25 GMT+0900 (Korean Standard Time),Placeat iure possimus consectetur commodi doloremque reprehenderit inventore.
Ms. Frances Breitenberg,Sydni96@hotmail.com,Lead Brand Facilitator,Sun Jun 25 1961 15:26:51 GMT+0830 (Korean Standard Time),Perspiciatis asperiores nihil neque suscipit accusantium dolor repellat tempore odio.
Connie Bergnaum,Annamarie.Prohaska@gmail.com,Forward Operations Developer,Fri Jul 08 1977 07:45:21 GMT+0900 (Korean Standard Time),Quis sunt itaque rerum sed vitae ipsum voluptatum placeat veritatis.
Irvin Mayert III,Brycen53@gmail.com,Investor Identity Supervisor,Sun Aug 30 1998 15:17:59 GMT+0900 (Korean Standard Time),Temporibus ipsam occaecati ipsam earum fugiat eaque cupiditate maiores quas.
Rafael Watsica,Maxime38@gmail.com,Lead Operations Planner,Thu Jun 13 1957 23:33:20 GMT+0930 (Korean Standard Time),Sapiente eligendi mollitia qui.
Geneva Rogahn,Hollis_Breitenberg@hotmail.com,Corporate Markets Executive,Mon Jan 11 1982 10:39:45 GMT+0900 (Korean Standard Time),A et ratione nobis.
Roy Wiegand,Casimir64@gmail.com,National Paradigm Supervisor,Tue Sep 10 1957 16:12:18 GMT+0930 (Korean Standard Time),Dolore vitae hic quidem tempore.
Samantha Emard,Ryley.Lubowitz@yahoo.com,Global Tactics Analyst,Mon Jun 17 1991 18:27:51 GMT+0900 (Korean Standard Time),Impedit modi cumque totam aliquam numquam iste repellendus non unde.
Edith Bergstrom,Misty_Kuphal@yahoo.com,Future Directives Designer,Tue Jan 24 1989 22:25:46 GMT+0900 (Korean Standard Time),Vel ratione exercitationem fugit sapiente vero consequuntur nisi quod.
Dolores Ritchie,Phyllis_Goyette@hotmail.com,National Optimization Coordinator,Mon Feb 03 1969 16:02:42 GMT+0900 (Korean Standard Time),Modi necessitatibus voluptas.
Jamie Carroll DVM,Maymie_Block@gmail.com,International Identity Engineer,Fri Aug 22 2003 01:08:29 GMT+0900 (Korean Standard Time),Possimus debitis eos ducimus voluptate repellat omnis aspernatur.
Kristina Gibson,Maxine_Rogahn32@yahoo.com,Dynamic Directives Technician,Thu Apr 14 1966 15:04:30 GMT+0900 (Korean Standard Time),Harum distinctio sapiente itaque illo accusantium.
Janie Renner,Devante53@hotmail.com,Customer Operations Executive,Wed Feb 23 1972 16:25:50 GMT+0900 (Korean Standard Time),Excepturi libero sequi atque quibusdam facilis doloremque esse ab.
Phyllis Grant DVM,Rosa86@gmail.com,International Tactics Officer,Wed Jan 25 1995 08:48:21 GMT+0900 (Korean Standard Time),Dolor neque nemo ipsa quas quae unde quo.
Bernice Yost,Ceasar.Farrell@hotmail.com,International Optimization Executive,Sun Sep 11 1960 23:48:32 GMT+0930 (Korean Standard Time),Ipsa neque necessitatibus ratione quos tenetur.
Clifton Rowe,Araceli16@yahoo.com,Product Tactics Director,Tue Jul 08 2003 13:32:35 GMT+0900 (Korean Standard Time),Iste itaque earum totam recusandae.
Cynthia McKenzie,Albina76@yahoo.com,Corporate Applications Agent,Sun Apr 15 1984 13:12:40 GMT+0900 (Korean Standard Time),Omnis illum voluptatem.
Salvatore Stroman,Bettie.Gusikowski@yahoo.com,Global Accounts Architect,Wed May 04 1988 23:21:40 GMT+0900 (Korean Standard Time),Voluptates voluptates laborum occaecati.
Roman Langosh,Fermin.Glover10@hotmail.com,Corporate Quality Liaison,Thu Dec 23 1943 21:23:39 GMT+0900 (Korean Standard Time),Libero magnam labore vel dolorem porro dolorum culpa animi.
Melvin Fahey,Julio_Mohr@hotmail.com,Corporate Accounts Associate,Wed Apr 16 2003 17:10:32 GMT+0900 (Korean Standard Time),Ratione officiis saepe molestias sapiente.
Sophia Hills,Gino_Schowalter@gmail.com,Central Implementation Coordinator,Tue Feb 06 1962 19:31:27 GMT+0900 (Korean Standard Time),Maxime numquam molestias earum rem numquam iusto quasi et.
Marguerite Torp,Alfonzo.Haley25@gmail.com,Chief Data Specialist,Fri Sep 26 1980 11:47:17 GMT+0900 (Korean Standard Time),Voluptatibus rem id dignissimos minima quis nostrum voluptatibus.
Dr. Samantha McDermott,Hilma.Pacocha65@gmail.com,Forward Branding Manager,Wed Nov 04 1992 16:38:09 GMT+0900 (Korean Standard Time),Quas similique ullam sint id voluptate placeat aut itaque optio.
Melanie Lind,Lilly.Weissnat@yahoo.com,Product Data Supervisor,Mon Jul 26 1971 18:58:30 GMT+0900 (Korean Standard Time),Quo incidunt autem eligendi velit.
Opal Jacobi,Naomie.Schmitt85@hotmail.com,Product Quality Consultant,Sat Apr 25 1959 21:47:51 GMT+0830 (Korean Standard Time),Facere provident iusto ipsum sit odit itaque deserunt dolorem provident.
Myron Murazik,Ozella_Denesik27@hotmail.com,Principal Program Producer,Tue Sep 22 1987 23:13:35 GMT+1000 (Korean Daylight Time),Aliquid laudantium totam necessitatibus culpa sequi explicabo.
Claudia Schuster,Xavier59@gmail.com,Regional Integration Architect,Tue Oct 04 1955 15:37:31 GMT+0830 (Korean Standard Time),Laboriosam perspiciatis saepe quod explicabo facere doloremque nesciunt provident.
Michael Torp,Manuel12@hotmail.com,Senior Branding Technician,Thu Jan 10 1952 19:20:06 GMT+0900 (Korean Standard Time),Excepturi facere iste quam adipisci eius provident tempora voluptas.